concept,fiscal_year,period_end,value,unit
AssetDisposalIncome,1996,1996-12-31,0.0,CNY
AssetDisposalIncome,1997,1997-12-31,0.0,CNY
AssetDisposalIncome,1998,1998-12-31,0.0,CNY
AssetDisposalIncome,1999,1999-12-31,0.0,CNY
AssetDisposalIncome,2000,2000-12-31,0.0,CNY
AssetDisposalIncome,2001,2001-12-31,0.0,CNY
AssetDisposalIncome,2002,2002-12-31,0.0,CNY
AssetDisposalIncome,2003,2003-12-31,0.0,CNY
AssetDisposalIncome,2004,2004-12-31,0.0,CNY
AssetDisposalIncome,2005,2005-12-31,0.0,CNY
AssetDisposalIncome,2006,2006-12-31,0.0,CNY
AssetDisposalIncome,2007,2007-12-31,0.0,CNY
AssetDisposalIncome,2008,2008-12-31,0.0,CNY
AssetDisposalIncome,2009,2009-12-31,0.0,CNY
AssetDisposalIncome,2010,2010-12-31,0.0,CNY
AssetDisposalIncome,2011,2011-12-31,0.0,CNY
AssetDisposalIncome,2012,2012-12-31,0.0,CNY
AssetDisposalIncome,2013,2013-12-31,0.0,CNY
AssetDisposalIncome,2014,2014-12-31,0.0,CNY
AssetDisposalIncome,2015,2015-12-31,0.0,CNY
AssetDisposalIncome,2016,2016-12-31,-133100.0,CNY
AssetDisposalIncome,2017,2017-12-31,-214500.0,CNY
AssetDisposalIncome,2018,2018-12-31,805500.0,CNY
AssetDisposalIncome,2019,2019-12-31,184200.00000000003,CNY
AssetDisposalIncome,2020,2020-12-31,-183100.0,CNY
AssetDisposalIncome,2021,2021-12-31,-4204200.0,CNY
AssetDisposalIncome,2022,2022-12-31,883100.0,CNY
AssetDisposalIncome,2023,2023-12-31,383300.0,CNY
AssetDisposalIncome,2024,2024-12-31,-28100.0,CNY
AssetDisposalIncome,2025,2025-12-31,111600.0,CNY
AssetImpairmentLoss,1996,1996-12-31,0.0,CNY
AssetImpairmentLoss,1997,1997-12-31,0.0,CNY
AssetImpairmentLoss,1998,1998-12-31,0.0,CNY
AssetImpairmentLoss,1999,1999-12-31,0.0,CNY
AssetImpairmentLoss,2000,2000-12-31,0.0,CNY
AssetImpairmentLoss,2001,2001-12-31,0.0,CNY
AssetImpairmentLoss,2002,2002-12-31,0.0,CNY
AssetImpairmentLoss,2003,2003-12-31,0.0,CNY
AssetImpairmentLoss,2004,2004-12-31,0.0,CNY
AssetImpairmentLoss,2005,2005-12-31,0.0,CNY
AssetImpairmentLoss,2006,2006-12-31,-32939500.0,CNY
AssetImpairmentLoss,2007,2007-12-31,-1953899.9999999998,CNY
AssetImpairmentLoss,2008,2008-12-31,27443400.0,CNY
AssetImpairmentLoss,2009,2009-12-31,32305200.0,CNY
AssetImpairmentLoss,2010,2010-12-31,-27988900.0,CNY
AssetImpairmentLoss,2011,2011-12-31,48800100.0,CNY
AssetImpairmentLoss,2012,2012-12-31,-174200.00000000003,CNY
AssetImpairmentLoss,2013,2013-12-31,117000000.0,CNY
AssetImpairmentLoss,2014,2014-12-31,-1221900.0,CNY
AssetImpairmentLoss,2015,2015-12-31,10364400.0,CNY
AssetImpairmentLoss,2016,2016-12-31,39406100.0,CNY
AssetImpairmentLoss,2017,2017-12-31,60134500.0,CNY
AssetImpairmentLoss,2018,2018-12-31,112999999.99999999,CNY
AssetImpairmentLoss,2019,2019-12-31,4284300.0,CNY
AssetImpairmentLoss,2020,2020-12-31,26148000.0,CNY
AssetImpairmentLoss,2021,2021-12-31,13942600.0,CNY
AssetImpairmentLoss,2022,2022-12-31,45479799.99999999,CNY
AssetImpairmentLoss,2023,2023-12-31,33265000.0,CNY
AssetImpairmentLoss,2024,2024-12-31,71398200.0,CNY
AssetImpairmentLoss,2025,2025-12-31,73849900.0,CNY
CashAndCashEquivalentsAtCarryingValue,1996,1996-12-31,9488000.0,CNY
CashAndCashEquivalentsAtCarryingValue,1997,1997-12-31,28029400.0,CNY
CashAndCashEquivalentsAtCarryingValue,1998,1998-12-31,22937399.999999996,CNY
CashAndCashEquivalentsAtCarryingValue,1999,1999-12-31,225000000.0,CNY
CashAndCashEquivalentsAtCarryingValue,2000,2000-12-31,123000000.0,CNY
CashAndCashEquivalentsAtCarryingValue,2001,2001-12-31,123000000.0,CNY
CashAndCashEquivalentsAtCarryingValue,2002,2002-12-31,188000000.0,CNY
CashAndCashEquivalentsAtCarryingValue,2003,2003-12-31,266000000.0,CNY
CashAndCashEquivalentsAtCarryingValue,2004,2004-12-31,46213200.0,CNY
CashAndCashEquivalentsAtCarryingValue,2005,2005-12-31,9503000.0,CNY
CashAndCashEquivalentsAtCarryingValue,2006,2006-12-31,14977100.0,CNY
CashAndCashEquivalentsAtCarryingValue,2007,2007-12-31,38734600.0,CNY
CashAndCashEquivalentsAtCarryingValue,2008,2008-12-31,423000000.00000006,CNY
CashAndCashEquivalentsAtCarryingValue,2009,2009-12-31,320000000.0,CNY
CashAndCashEquivalentsAtCarryingValue,2010,2010-12-31,278000000.0,CNY
CashAndCashEquivalentsAtCarryingValue,2011,2011-12-31,377000000.0,CNY
CashAndCashEquivalentsAtCarryingValue,2012,2012-12-31,396000000.0,CNY
CashAndCashEquivalentsAtCarryingValue,2013,2013-12-31,397000000.0,CNY
CashAndCashEquivalentsAtCarryingValue,2014,2014-12-31,630000000.0,CNY
CashAndCashEquivalentsAtCarryingValue,2015,2015-12-31,676000000.0,CNY
CashAndCashEquivalentsAtCarryingValue,2016,2016-12-31,561000000.0,CNY
CashAndCashEquivalentsAtCarryingValue,2017,2017-12-31,878999999.9999999,CNY
CashAndCashEquivalentsAtCarryingValue,2018,2018-12-31,911000000.0,CNY
CashAndCashEquivalentsAtCarryingValue,2019,2019-12-31,965000000.0,CNY
CashAndCashEquivalentsAtCarryingValue,2020,2020-12-31,707000000.0,CNY
CashAndCashEquivalentsAtCarryingValue,2021,2021-12-31,1056000000.0,CNY
CashAndCashEquivalentsAtCarryingValue,2022,2022-12-31,1292000000.0,CNY
CashAndCashEquivalentsAtCarryingValue,2023,2023-12-31,997000000.0000001,CNY
CashAndCashEquivalentsAtCarryingValue,2024,2024-12-31,1869000000.0000002,CNY
CashAndCashEquivalentsAtCarryingValue,2025,2025-12-31,1513000000.0,CNY
CostOfRevenue,1996,1996-12-31,26214800.0,CNY
CostOfRevenue,1997,1997-12-31,48748600.0,CNY
CostOfRevenue,1998,1998-12-31,55371899.99999999,CNY
CostOfRevenue,1999,1999-12-31,86197200.0,CNY
CostOfRevenue,2000,2000-12-31,169000000.0,CNY
CostOfRevenue,2001,2001-12-31,137000000.0,CNY
CostOfRevenue,2002,2002-12-31,137000000.0,CNY
CostOfRevenue,2003,2003-12-31,96824800.0,CNY
CostOfRevenue,2004,2004-12-31,124000000.0,CNY
CostOfRevenue,2005,2005-12-31,72948600.0,CNY
CostOfRevenue,2006,2006-12-31,61286200.0,CNY
CostOfRevenue,2007,2007-12-31,82659000.0,CNY
CostOfRevenue,2008,2008-12-31,925000000.0,CNY
CostOfRevenue,2009,2009-12-31,1001000000.0,CNY
CostOfRevenue,2010,2010-12-31,827999999.9999999,CNY
CostOfRevenue,2011,2011-12-31,1106000000.0,CNY
CostOfRevenue,2012,2012-12-31,1063000000.0000001,CNY
CostOfRevenue,2013,2013-12-31,1202000000.0,CNY
CostOfRevenue,2014,2014-12-31,1436000000.0,CNY
CostOfRevenue,2015,2015-12-31,1453000000.0,CNY
CostOfRevenue,2016,2016-12-31,994999999.9999999,CNY
CostOfRevenue,2017,2017-12-31,1479000000.0,CNY
CostOfRevenue,2018,2018-12-31,1466000000.0,CNY
CostOfRevenue,2019,2019-12-31,1973999999.9999998,CNY
CostOfRevenue,2020,2020-12-31,2057999999.9999998,CNY
CostOfRevenue,2021,2021-12-31,1954000000.0,CNY
CostOfRevenue,2022,2022-12-31,1843000000.0,CNY
CostOfRevenue,2023,2023-12-31,1646000000.0,CNY
CostOfRevenue,2024,2024-12-31,1350000000.0,CNY
CostOfRevenue,2025,2025-12-31,1629000000.0,CNY
CreditImpairmentLoss,1996,1996-12-31,0.0,CNY
CreditImpairmentLoss,1997,1997-12-31,0.0,CNY
CreditImpairmentLoss,1998,1998-12-31,0.0,CNY
CreditImpairmentLoss,1999,1999-12-31,0.0,CNY
CreditImpairmentLoss,2000,2000-12-31,0.0,CNY
CreditImpairmentLoss,2001,2001-12-31,0.0,CNY
CreditImpairmentLoss,2002,2002-12-31,0.0,CNY
CreditImpairmentLoss,2003,2003-12-31,0.0,CNY
CreditImpairmentLoss,2004,2004-12-31,0.0,CNY
CreditImpairmentLoss,2005,2005-12-31,0.0,CNY
CreditImpairmentLoss,2006,2006-12-31,0.0,CNY
CreditImpairmentLoss,2007,2007-12-31,0.0,CNY
CreditImpairmentLoss,2008,2008-12-31,0.0,CNY
CreditImpairmentLoss,2009,2009-12-31,0.0,CNY
CreditImpairmentLoss,2010,2010-12-31,0.0,CNY
CreditImpairmentLoss,2011,2011-12-31,0.0,CNY
CreditImpairmentLoss,2012,2012-12-31,0.0,CNY
CreditImpairmentLoss,2013,2013-12-31,0.0,CNY
CreditImpairmentLoss,2014,2014-12-31,0.0,CNY
CreditImpairmentLoss,2015,2015-12-31,0.0,CNY
CreditImpairmentLoss,2016,2016-12-31,0.0,CNY
CreditImpairmentLoss,2017,2017-12-31,0.0,CNY
CreditImpairmentLoss,2018,2018-12-31,0.0,CNY
CreditImpairmentLoss,2019,2019-12-31,138000000.0,CNY
CreditImpairmentLoss,2020,2020-12-31,110000000.00000001,CNY
CreditImpairmentLoss,2021,2021-12-31,30895700.0,CNY
CreditImpairmentLoss,2022,2022-12-31,25425600.0,CNY
CreditImpairmentLoss,2023,2023-12-31,20976100.0,CNY
CreditImpairmentLoss,2024,2024-12-31,21763900.0,CNY
CreditImpairmentLoss,2025,2025-12-31,44958600.0,CNY
CurrentPortionLongTermDebt,1996,1996-12-31,0.0,CNY
CurrentPortionLongTermDebt,1997,1997-12-31,0.0,CNY
CurrentPortionLongTermDebt,1998,1998-12-31,0.0,CNY
CurrentPortionLongTermDebt,1999,1999-12-31,2000000.0,CNY
CurrentPortionLongTermDebt,2000,2000-12-31,0.0,CNY
CurrentPortionLongTermDebt,2001,2001-12-31,0.0,CNY
CurrentPortionLongTermDebt,2002,2002-12-31,0.0,CNY
CurrentPortionLongTermDebt,2003,2003-12-31,0.0,CNY
CurrentPortionLongTermDebt,2004,2004-12-31,0.0,CNY
CurrentPortionLongTermDebt,2005,2005-12-31,0.0,CNY
CurrentPortionLongTermDebt,2006,2006-12-31,0.0,CNY
CurrentPortionLongTermDebt,2007,2007-12-31,0.0,CNY
CurrentPortionLongTermDebt,2008,2008-12-31,0.0,CNY
CurrentPortionLongTermDebt,2009,2009-12-31,0.0,CNY
CurrentPortionLongTermDebt,2010,2010-12-31,0.0,CNY
CurrentPortionLongTermDebt,2011,2011-12-31,67000000.0,CNY
CurrentPortionLongTermDebt,2012,2012-12-31,82000000.0,CNY
CurrentPortionLongTermDebt,2013,2013-12-31,140000000.0,CNY
CurrentPortionLongTermDebt,2014,2014-12-31,92400000.0,CNY
CurrentPortionLongTermDebt,2015,2015-12-31,220000000.00000003,CNY
CurrentPortionLongTermDebt,2016,2016-12-31,104000000.0,CNY
CurrentPortionLongTermDebt,2017,2017-12-31,144000000.0,CNY
CurrentPortionLongTermDebt,2018,2018-12-31,235000000.0,CNY
CurrentPortionLongTermDebt,2019,2019-12-31,216000000.0,CNY
CurrentPortionLongTermDebt,2020,2020-12-31,505999999.99999994,CNY
CurrentPortionLongTermDebt,2021,2021-12-31,227999999.99999997,CNY
CurrentPortionLongTermDebt,2022,2022-12-31,317000000.0,CNY
CurrentPortionLongTermDebt,2023,2023-12-31,193000000.0,CNY
CurrentPortionLongTermDebt,2024,2024-12-31,659000000.0,CNY
CurrentPortionLongTermDebt,2025,2025-12-31,509000000.0,CNY
FairValueChangeIncome,1996,1996-12-31,0.0,CNY
FairValueChangeIncome,1997,1997-12-31,0.0,CNY
FairValueChangeIncome,1998,1998-12-31,0.0,CNY
FairValueChangeIncome,1999,1999-12-31,0.0,CNY
FairValueChangeIncome,2000,2000-12-31,0.0,CNY
FairValueChangeIncome,2001,2001-12-31,0.0,CNY
FairValueChangeIncome,2002,2002-12-31,0.0,CNY
FairValueChangeIncome,2003,2003-12-31,0.0,CNY
FairValueChangeIncome,2004,2004-12-31,0.0,CNY
FairValueChangeIncome,2005,2005-12-31,0.0,CNY
FairValueChangeIncome,2006,2006-12-31,0.0,CNY
FairValueChangeIncome,2007,2007-12-31,0.0,CNY
FairValueChangeIncome,2008,2008-12-31,-399500.0,CNY
FairValueChangeIncome,2009,2009-12-31,509400.0,CNY
FairValueChangeIncome,2010,2010-12-31,-184700.0,CNY
FairValueChangeIncome,2011,2011-12-31,74800.0,CNY
FairValueChangeIncome,2012,2012-12-31,25800.0,CNY
FairValueChangeIncome,2013,2013-12-31,-25800.0,CNY
FairValueChangeIncome,2014,2014-12-31,-313400.0,CNY
FairValueChangeIncome,2015,2015-12-31,313400.0,CNY
FairValueChangeIncome,2016,2016-12-31,6520900.0,CNY
FairValueChangeIncome,2017,2017-12-31,-6520900.0,CNY
FairValueChangeIncome,2018,2018-12-31,0.0,CNY
FairValueChangeIncome,2019,2019-12-31,-152500.0,CNY
FairValueChangeIncome,2020,2020-12-31,0.0,CNY
FairValueChangeIncome,2021,2021-12-31,-7393500.0,CNY
FairValueChangeIncome,2022,2022-12-31,23739800.0,CNY
FairValueChangeIncome,2023,2023-12-31,-247300.0,CNY
FairValueChangeIncome,2024,2024-12-31,-3923000.0,CNY
FairValueChangeIncome,2025,2025-12-31,16185200.0,CNY
FinanceExpense,1996,1996-12-31,585600.0,CNY
FinanceExpense,1997,1997-12-31,1697500.0,CNY
FinanceExpense,1998,1998-12-31,3311800.0,CNY
FinanceExpense,1999,1999-12-31,-1489400.0,CNY
FinanceExpense,2000,2000-12-31,-2277900.0,CNY
FinanceExpense,2001,2001-12-31,-912200.0,CNY
FinanceExpense,2002,2002-12-31,-2551100.0,CNY
FinanceExpense,2003,2003-12-31,566100.0,CNY
FinanceExpense,2004,2004-12-31,8459200.0,CNY
FinanceExpense,2005,2005-12-31,8497900.0,CNY
FinanceExpense,2006,2006-12-31,1605400.0,CNY
FinanceExpense,2007,2007-12-31,117500.0,CNY
FinanceExpense,2008,2008-12-31,-5535700.000000001,CNY
FinanceExpense,2009,2009-12-31,7531900.000000001,CNY
FinanceExpense,2010,2010-12-31,42901500.0,CNY
FinanceExpense,2011,2011-12-31,52440400.0,CNY
FinanceExpense,2012,2012-12-31,63449500.0,CNY
FinanceExpense,2013,2013-12-31,54447700.00000001,CNY
FinanceExpense,2014,2014-12-31,92191100.0,CNY
FinanceExpense,2015,2015-12-31,103000000.0,CNY
FinanceExpense,2016,2016-12-31,139000000.0,CNY
FinanceExpense,2017,2017-12-31,99459900.0,CNY
FinanceExpense,2018,2018-12-31,111000000.00000001,CNY
FinanceExpense,2019,2019-12-31,130000000.0,CNY
FinanceExpense,2020,2020-12-31,180000000.0,CNY
FinanceExpense,2021,2021-12-31,121000000.0,CNY
FinanceExpense,2022,2022-12-31,94524900.0,CNY
FinanceExpense,2023,2023-12-31,66192100.0,CNY
FinanceExpense,2024,2024-12-31,80851500.0,CNY
FinanceExpense,2025,2025-12-31,86803700.00000001,CNY
GeneralAndAdministrativeExpense,1996,1996-12-31,3766600.0000000005,CNY
GeneralAndAdministrativeExpense,1997,1997-12-31,6609200.0,CNY
GeneralAndAdministrativeExpense,1998,1998-12-31,10409200.0,CNY
GeneralAndAdministrativeExpense,1999,1999-12-31,10500200.0,CNY
GeneralAndAdministrativeExpense,2000,2000-12-31,28929400.0,CNY
GeneralAndAdministrativeExpense,2001,2001-12-31,17500900.0,CNY
GeneralAndAdministrativeExpense,2002,2002-12-31,17901300.0,CNY
GeneralAndAdministrativeExpense,2003,2003-12-31,14700100.0,CNY
GeneralAndAdministrativeExpense,2004,2004-12-31,47729300.0,CNY
GeneralAndAdministrativeExpense,2005,2005-12-31,288000000.0,CNY
GeneralAndAdministrativeExpense,2006,2006-12-31,13607700.0,CNY
GeneralAndAdministrativeExpense,2007,2007-12-31,29662800.000000004,CNY
GeneralAndAdministrativeExpense,2008,2008-12-31,54861000.0,CNY
GeneralAndAdministrativeExpense,2009,2009-12-31,96483700.00000001,CNY
GeneralAndAdministrativeExpense,2010,2010-12-31,91791800.0,CNY
GeneralAndAdministrativeExpense,2011,2011-12-31,87815400.00000001,CNY
GeneralAndAdministrativeExpense,2012,2012-12-31,87553000.0,CNY
GeneralAndAdministrativeExpense,2013,2013-12-31,163000000.0,CNY
GeneralAndAdministrativeExpense,2014,2014-12-31,181000000.0,CNY
GeneralAndAdministrativeExpense,2015,2015-12-31,184000000.0,CNY
GeneralAndAdministrativeExpense,2016,2016-12-31,165000000.0,CNY
GeneralAndAdministrativeExpense,2017,2017-12-31,122000000.0,CNY
GeneralAndAdministrativeExpense,2018,2018-12-31,157000000.0,CNY
GeneralAndAdministrativeExpense,2019,2019-12-31,206999999.99999997,CNY
GeneralAndAdministrativeExpense,2020,2020-12-31,233000000.0,CNY
GeneralAndAdministrativeExpense,2021,2021-12-31,227999999.99999997,CNY
GeneralAndAdministrativeExpense,2022,2022-12-31,219000000.0,CNY
GeneralAndAdministrativeExpense,2023,2023-12-31,227999999.99999997,CNY
GeneralAndAdministrativeExpense,2024,2024-12-31,247000000.00000003,CNY
GeneralAndAdministrativeExpense,2025,2025-12-31,229999999.99999997,CNY
Goodwill,1996,1996-12-31,nan,CNY
Goodwill,1997,1997-12-31,nan,CNY
Goodwill,1998,1998-12-31,nan,CNY
Goodwill,1999,1999-12-31,nan,CNY
Goodwill,2000,2000-12-31,nan,CNY
Goodwill,2001,2001-12-31,nan,CNY
Goodwill,2002,2002-12-31,nan,CNY
Goodwill,2003,2003-12-31,nan,CNY
Goodwill,2004,2004-12-31,nan,CNY
Goodwill,2005,2005-12-31,nan,CNY
Goodwill,2006,2006-12-31,nan,CNY
Goodwill,2007,2007-12-31,nan,CNY
Goodwill,2008,2008-12-31,nan,CNY
Goodwill,2009,2009-12-31,nan,CNY
Goodwill,2010,2010-12-31,nan,CNY
Goodwill,2011,2011-12-31,nan,CNY
Goodwill,2012,2012-12-31,nan,CNY
Goodwill,2013,2013-12-31,nan,CNY
Goodwill,2014,2014-12-31,nan,CNY
Goodwill,2015,2015-12-31,155278816.15,CNY
Goodwill,2016,2016-12-31,171669305.47,CNY
Goodwill,2017,2017-12-31,728632279.59,CNY
Goodwill,2018,2018-12-31,640265634.26,CNY
Goodwill,2019,2019-12-31,640265634.26,CNY
Goodwill,2020,2020-12-31,17858466.29,CNY
Goodwill,2021,2021-12-31,17858466.29,CNY
Goodwill,2022,2022-12-31,17905317.24,CNY
Goodwill,2023,2023-12-31,36504139.65,CNY
Goodwill,2024,2024-12-31,27173411.86,CNY
Goodwill,2025,2025-12-31,32779772.78,CNY
IncomeLossBeforeIncomeTaxes,1996,1996-12-31,16640000.0,CNY
IncomeLossBeforeIncomeTaxes,1997,1997-12-31,26141000.0,CNY
IncomeLossBeforeIncomeTaxes,1998,1998-12-31,29423200.0,CNY
IncomeLossBeforeIncomeTaxes,1999,1999-12-31,37230600.0,CNY
IncomeLossBeforeIncomeTaxes,2000,2000-12-31,38144500.0,CNY
IncomeLossBeforeIncomeTaxes,2001,2001-12-31,27341500.0,CNY
IncomeLossBeforeIncomeTaxes,2002,2002-12-31,19781400.0,CNY
IncomeLossBeforeIncomeTaxes,2003,2003-12-31,21495100.000000004,CNY
IncomeLossBeforeIncomeTaxes,2004,2004-12-31,-13965100.0,CNY
IncomeLossBeforeIncomeTaxes,2005,2005-12-31,-658000000.0,CNY
IncomeLossBeforeIncomeTaxes,2006,2006-12-31,22790400.0,CNY
IncomeLossBeforeIncomeTaxes,2007,2007-12-31,399000000.0,CNY
IncomeLossBeforeIncomeTaxes,2008,2008-12-31,47639600.0,CNY
IncomeLossBeforeIncomeTaxes,2009,2009-12-31,103000000.0,CNY
IncomeLossBeforeIncomeTaxes,2010,2010-12-31,69220700.0,CNY
IncomeLossBeforeIncomeTaxes,2011,2011-12-31,37619100.0,CNY
IncomeLossBeforeIncomeTaxes,2012,2012-12-31,43138500.0,CNY
IncomeLossBeforeIncomeTaxes,2013,2013-12-31,-154000000.0,CNY
IncomeLossBeforeIncomeTaxes,2014,2014-12-31,9052800.0,CNY
IncomeLossBeforeIncomeTaxes,2015,2015-12-31,26249600.0,CNY
IncomeLossBeforeIncomeTaxes,2016,2016-12-31,-151000000.0,CNY
IncomeLossBeforeIncomeTaxes,2017,2017-12-31,155000000.0,CNY
IncomeLossBeforeIncomeTaxes,2018,2018-12-31,34138300.0,CNY
IncomeLossBeforeIncomeTaxes,2019,2019-12-31,136000000.0,CNY
IncomeLossBeforeIncomeTaxes,2020,2020-12-31,3228700.0,CNY
IncomeLossBeforeIncomeTaxes,2021,2021-12-31,238000000.0,CNY
IncomeLossBeforeIncomeTaxes,2022,2022-12-31,92327200.0,CNY
IncomeLossBeforeIncomeTaxes,2023,2023-12-31,70774400.0,CNY
IncomeLossBeforeIncomeTaxes,2024,2024-12-31,47637000.0,CNY
IncomeLossBeforeIncomeTaxes,2025,2025-12-31,-20558200.0,CNY
IncomeTaxExpenseBenefit,1996,1996-12-31,134700.0,CNY
IncomeTaxExpenseBenefit,1997,1997-12-31,766200.0,CNY
IncomeTaxExpenseBenefit,1998,1998-12-31,3768600.0,CNY
IncomeTaxExpenseBenefit,1999,1999-12-31,5716600.0,CNY
IncomeTaxExpenseBenefit,2000,2000-12-31,4798400.0,CNY
IncomeTaxExpenseBenefit,2001,2001-12-31,4498700.0,CNY
IncomeTaxExpenseBenefit,2002,2002-12-31,3747000.0,CNY
IncomeTaxExpenseBenefit,2003,2003-12-31,3992200.0000000005,CNY
IncomeTaxExpenseBenefit,2004,2004-12-31,6085599.999999999,CNY
IncomeTaxExpenseBenefit,2005,2005-12-31,5505500.0,CNY
IncomeTaxExpenseBenefit,2006,2006-12-31,9341700.0,CNY
IncomeTaxExpenseBenefit,2007,2007-12-31,7091100.0,CNY
IncomeTaxExpenseBenefit,2008,2008-12-31,3934400.0,CNY
IncomeTaxExpenseBenefit,2009,2009-12-31,9314000.0,CNY
IncomeTaxExpenseBenefit,2010,2010-12-31,15048000.0,CNY
IncomeTaxExpenseBenefit,2011,2011-12-31,7593099.999999999,CNY
IncomeTaxExpenseBenefit,2012,2012-12-31,8468600.0,CNY
IncomeTaxExpenseBenefit,2013,2013-12-31,-5625900.0,CNY
IncomeTaxExpenseBenefit,2014,2014-12-31,-3542300.0,CNY
IncomeTaxExpenseBenefit,2015,2015-12-31,9005600.0,CNY
IncomeTaxExpenseBenefit,2016,2016-12-31,-17254700.0,CNY
IncomeTaxExpenseBenefit,2017,2017-12-31,32695000.0,CNY
IncomeTaxExpenseBenefit,2018,2018-12-31,7711300.0,CNY
IncomeTaxExpenseBenefit,2019,2019-12-31,36508300.0,CNY
IncomeTaxExpenseBenefit,2020,2020-12-31,-1674000.0,CNY
IncomeTaxExpenseBenefit,2021,2021-12-31,38908500.0,CNY
IncomeTaxExpenseBenefit,2022,2022-12-31,14482300.0,CNY
IncomeTaxExpenseBenefit,2023,2023-12-31,5625100.0,CNY
IncomeTaxExpenseBenefit,2024,2024-12-31,-4826200.0,CNY
IncomeTaxExpenseBenefit,2025,2025-12-31,10695900.0,CNY
InvestmentIncome,1996,1996-12-31,1518800.0,CNY
InvestmentIncome,1997,1997-12-31,1387800.0,CNY
InvestmentIncome,1998,1998-12-31,3321100.0,CNY
InvestmentIncome,1999,1999-12-31,2587900.0,CNY
InvestmentIncome,2000,2000-12-31,4826300.0,CNY
InvestmentIncome,2001,2001-12-31,14423500.0,CNY
InvestmentIncome,2002,2002-12-31,5275100.0,CNY
InvestmentIncome,2003,2003-12-31,1592900.0,CNY
InvestmentIncome,2004,2004-12-31,-40900.0,CNY
InvestmentIncome,2005,2005-12-31,7050300.0,CNY
InvestmentIncome,2006,2006-12-31,7467700.0,CNY
InvestmentIncome,2007,2007-12-31,3043300.0,CNY
InvestmentIncome,2008,2008-12-31,6430000.0,CNY
InvestmentIncome,2009,2009-12-31,-8421600.0,CNY
InvestmentIncome,2010,2010-12-31,532100.0,CNY
InvestmentIncome,2011,2011-12-31,-112300.0,CNY
InvestmentIncome,2012,2012-12-31,197200.0,CNY
InvestmentIncome,2013,2013-12-31,3903300.0,CNY
InvestmentIncome,2014,2014-12-31,5426799.999999999,CNY
InvestmentIncome,2015,2015-12-31,3422200.0000000005,CNY
InvestmentIncome,2016,2016-12-31,3797799.9999999995,CNY
InvestmentIncome,2017,2017-12-31,17021200.0,CNY
InvestmentIncome,2018,2018-12-31,6068099.999999999,CNY
InvestmentIncome,2019,2019-12-31,6745000.0,CNY
InvestmentIncome,2020,2020-12-31,-48852000.0,CNY
InvestmentIncome,2021,2021-12-31,-8297400.0,CNY
InvestmentIncome,2022,2022-12-31,-7580200.0,CNY
InvestmentIncome,2023,2023-12-31,-5990100.0,CNY
InvestmentIncome,2024,2024-12-31,57621899.99999999,CNY
InvestmentIncome,2025,2025-12-31,13477100.0,CNY
Liabilities,1996,1996-12-31,45143200.0,CNY
Liabilities,1997,1997-12-31,67220600.0,CNY
Liabilities,1998,1998-12-31,86867500.0,CNY
Liabilities,1999,1999-12-31,164000000.0,CNY
Liabilities,2000,2000-12-31,158000000.0,CNY
Liabilities,2001,2001-12-31,138000000.0,CNY
Liabilities,2002,2002-12-31,127000000.0,CNY
Liabilities,2003,2003-12-31,178000000.0,CNY
Liabilities,2004,2004-12-31,195000000.0,CNY
Liabilities,2005,2005-12-31,470000000.0,CNY
Liabilities,2006,2006-12-31,505999999.99999994,CNY
Liabilities,2007,2007-12-31,113999999.99999999,CNY
Liabilities,2008,2008-12-31,1149000000.0,CNY
Liabilities,2009,2009-12-31,1663000000.0,CNY
Liabilities,2010,2010-12-31,1684000000.0,CNY
Liabilities,2011,2011-12-31,1826000000.0000002,CNY
Liabilities,2012,2012-12-31,2014999999.9999998,CNY
Liabilities,2013,2013-12-31,2151000000.0,CNY
Liabilities,2014,2014-12-31,2626000000.0,CNY
Liabilities,2015,2015-12-31,3084000000.0,CNY
Liabilities,2016,2016-12-31,2878000000.0,CNY
Liabilities,2017,2017-12-31,3615999999.9999995,CNY
Liabilities,2018,2018-12-31,4027000000.0000005,CNY
Liabilities,2019,2019-12-31,4831000000.0,CNY
Liabilities,2020,2020-12-31,3619000000.0,CNY
Liabilities,2021,2021-12-31,4478000000.0,CNY
Liabilities,2022,2022-12-31,4270000000.0000005,CNY
Liabilities,2023,2023-12-31,4421000000.0,CNY
Liabilities,2024,2024-12-31,5434000000.0,CNY
Liabilities,2025,2025-12-31,5695000000.0,CNY
LongTermDebtNoncurrent,1996,1996-12-31,4140000.0,CNY
LongTermDebtNoncurrent,1997,1997-12-31,9100000.0,CNY
LongTermDebtNoncurrent,1998,1998-12-31,2100000.0,CNY
LongTermDebtNoncurrent,1999,1999-12-31,2000000.0,CNY
LongTermDebtNoncurrent,2000,2000-12-31,42003300.0,CNY
LongTermDebtNoncurrent,2001,2001-12-31,30000000.0,CNY
LongTermDebtNoncurrent,2002,2002-12-31,10000000.0,CNY
LongTermDebtNoncurrent,2003,2003-12-31,0.0,CNY
LongTermDebtNoncurrent,2004,2004-12-31,0.0,CNY
LongTermDebtNoncurrent,2005,2005-12-31,0.0,CNY
LongTermDebtNoncurrent,2006,2006-12-31,0.0,CNY
LongTermDebtNoncurrent,2007,2007-12-31,0.0,CNY
LongTermDebtNoncurrent,2008,2008-12-31,0.0,CNY
LongTermDebtNoncurrent,2009,2009-12-31,181000000.0,CNY
LongTermDebtNoncurrent,2010,2010-12-31,408000000.0,CNY
LongTermDebtNoncurrent,2011,2011-12-31,343000000.0,CNY
LongTermDebtNoncurrent,2012,2012-12-31,357000000.0,CNY
LongTermDebtNoncurrent,2013,2013-12-31,246000000.0,CNY
LongTermDebtNoncurrent,2014,2014-12-31,219000000.0,CNY
LongTermDebtNoncurrent,2015,2015-12-31,95000000.0,CNY
LongTermDebtNoncurrent,2016,2016-12-31,192000000.0,CNY
LongTermDebtNoncurrent,2017,2017-12-31,558000000.0,CNY
LongTermDebtNoncurrent,2018,2018-12-31,454000000.0,CNY
LongTermDebtNoncurrent,2019,2019-12-31,810000000.0,CNY
LongTermDebtNoncurrent,2020,2020-12-31,484999999.99999994,CNY
LongTermDebtNoncurrent,2021,2021-12-31,1025000000.0,CNY
LongTermDebtNoncurrent,2022,2022-12-31,961000000.0,CNY
LongTermDebtNoncurrent,2023,2023-12-31,1402000000.0,CNY
LongTermDebtNoncurrent,2024,2024-12-31,1266000000.0,CNY
LongTermDebtNoncurrent,2025,2025-12-31,1661000000.0,CNY
MinorityInterestIncome,1996,1996-12-31,0.0,CNY
MinorityInterestIncome,1997,1997-12-31,250700.0,CNY
MinorityInterestIncome,1998,1998-12-31,99900.0,CNY
MinorityInterestIncome,1999,1999-12-31,2335300.0,CNY
MinorityInterestIncome,2000,2000-12-31,3450100.0,CNY
MinorityInterestIncome,2001,2001-12-31,3605899.9999999995,CNY
MinorityInterestIncome,2002,2002-12-31,3380100.0,CNY
MinorityInterestIncome,2003,2003-12-31,5638400.0,CNY
MinorityInterestIncome,2004,2004-12-31,8093000.0,CNY
MinorityInterestIncome,2005,2005-12-31,749300.0000000001,CNY
MinorityInterestIncome,2006,2006-12-31,1635800.0000000002,CNY
MinorityInterestIncome,2007,2007-12-31,581400.0,CNY
MinorityInterestIncome,2008,2008-12-31,405600.0,CNY
MinorityInterestIncome,2009,2009-12-31,663600.0,CNY
MinorityInterestIncome,2010,2010-12-31,473900.0,CNY
MinorityInterestIncome,2011,2011-12-31,245000.0,CNY
MinorityInterestIncome,2012,2012-12-31,0.0,CNY
MinorityInterestIncome,2013,2013-12-31,0.0,CNY
MinorityInterestIncome,2014,2014-12-31,456100.0,CNY
MinorityInterestIncome,2015,2015-12-31,-16918400.0,CNY
MinorityInterestIncome,2016,2016-12-31,-25245700.0,CNY
MinorityInterestIncome,2017,2017-12-31,62154200.0,CNY
MinorityInterestIncome,2018,2018-12-31,-584000.0,CNY
MinorityInterestIncome,2019,2019-12-31,-34001500.0,CNY
MinorityInterestIncome,2020,2020-12-31,-51527900.0,CNY
MinorityInterestIncome,2021,2021-12-31,-1978600.0000000002,CNY
MinorityInterestIncome,2022,2022-12-31,21417600.000000004,CNY
MinorityInterestIncome,2023,2023-12-31,7602700.0,CNY
MinorityInterestIncome,2024,2024-12-31,28103000.0,CNY
MinorityInterestIncome,2025,2025-12-31,31008300.0,CNY
NetCashProvidedByUsedInOperatingActivities,1996,1996-12-31,nan,CNY
NetCashProvidedByUsedInOperatingActivities,1997,1997-12-31,nan,CNY
NetCashProvidedByUsedInOperatingActivities,1998,1998-12-31,nan,CNY
NetCashProvidedByUsedInOperatingActivities,1999,1999-12-31,44648178.78,CNY
NetCashProvidedByUsedInOperatingActivities,2000,2000-12-31,-25222074.09,CNY
NetCashProvidedByUsedInOperatingActivities,2001,2001-12-31,23188133.99,CNY
NetCashProvidedByUsedInOperatingActivities,2002,2002-12-31,65264416.5,CNY
NetCashProvidedByUsedInOperatingActivities,2003,2003-12-31,26350307.08,CNY
NetCashProvidedByUsedInOperatingActivities,2004,2004-12-31,-260829435.7,CNY
NetCashProvidedByUsedInOperatingActivities,2005,2005-12-31,33184058.63,CNY
NetCashProvidedByUsedInOperatingActivities,2006,2006-12-31,17135354.6,CNY
NetCashProvidedByUsedInOperatingActivities,2007,2007-12-31,36933985.11,CNY
NetCashProvidedByUsedInOperatingActivities,2008,2008-12-31,20926739.82,CNY
NetCashProvidedByUsedInOperatingActivities,2009,2009-12-31,-147939541.68,CNY
NetCashProvidedByUsedInOperatingActivities,2010,2010-12-31,-57116991.6,CNY
NetCashProvidedByUsedInOperatingActivities,2011,2011-12-31,-111457216.56,CNY
NetCashProvidedByUsedInOperatingActivities,2012,2012-12-31,79623847.18,CNY
NetCashProvidedByUsedInOperatingActivities,2013,2013-12-31,196530486.78,CNY
NetCashProvidedByUsedInOperatingActivities,2014,2014-12-31,265637611.6,CNY
NetCashProvidedByUsedInOperatingActivities,2015,2015-12-31,-139905437.64,CNY
NetCashProvidedByUsedInOperatingActivities,2016,2016-12-31,-269883188.06,CNY
NetCashProvidedByUsedInOperatingActivities,2017,2017-12-31,46353157.67,CNY
NetCashProvidedByUsedInOperatingActivities,2018,2018-12-31,155391605.73,CNY
NetCashProvidedByUsedInOperatingActivities,2019,2019-12-31,347889426.99,CNY
NetCashProvidedByUsedInOperatingActivities,2020,2020-12-31,42765219.03,CNY
NetCashProvidedByUsedInOperatingActivities,2021,2021-12-31,337390991.65,CNY
NetCashProvidedByUsedInOperatingActivities,2022,2022-12-31,339544556.09,CNY
NetCashProvidedByUsedInOperatingActivities,2023,2023-12-31,137485575.29,CNY
NetCashProvidedByUsedInOperatingActivities,2024,2024-12-31,203249006.92,CNY
NetCashProvidedByUsedInOperatingActivities,2025,2025-12-31,149617341.98,CNY
NetIncomeLoss,1996,1996-12-31,16505300.0,CNY
NetIncomeLoss,1997,1997-12-31,25124100.0,CNY
NetIncomeLoss,1998,1998-12-31,25554699.999999996,CNY
NetIncomeLoss,1999,1999-12-31,29178700.0,CNY
NetIncomeLoss,2000,2000-12-31,29896100.0,CNY
NetIncomeLoss,2001,2001-12-31,19237000.0,CNY
NetIncomeLoss,2002,2002-12-31,12654300.0,CNY
NetIncomeLoss,2003,2003-12-31,11864500.0,CNY
NetIncomeLoss,2004,2004-12-31,-28143700.0,CNY
NetIncomeLoss,2005,2005-12-31,-664000000.0,CNY
NetIncomeLoss,2006,2006-12-31,11812900.0,CNY
NetIncomeLoss,2007,2007-12-31,391000000.0,CNY
NetIncomeLoss,2008,2008-12-31,43299600.0,CNY
NetIncomeLoss,2009,2009-12-31,93507099.99999999,CNY
NetIncomeLoss,2010,2010-12-31,53698700.0,CNY
NetIncomeLoss,2011,2011-12-31,29781100.0,CNY
NetIncomeLoss,2012,2012-12-31,34670000.0,CNY
NetIncomeLoss,2013,2013-12-31,-149000000.0,CNY
NetIncomeLoss,2014,2014-12-31,12139000.0,CNY
NetIncomeLoss,2015,2015-12-31,34162400.0,CNY
NetIncomeLoss,2016,2016-12-31,-109000000.00000001,CNY
NetIncomeLoss,2017,2017-12-31,60210500.0,CNY
NetIncomeLoss,2018,2018-12-31,27011000.0,CNY
NetIncomeLoss,2019,2019-12-31,134000000.00000001,CNY
NetIncomeLoss,2020,2020-12-31,56430600.00000001,CNY
NetIncomeLoss,2021,2021-12-31,200999999.99999997,CNY
NetIncomeLoss,2022,2022-12-31,56427200.0,CNY
NetIncomeLoss,2023,2023-12-31,57546600.0,CNY
NetIncomeLoss,2024,2024-12-31,24360300.000000004,CNY
NetIncomeLoss,2025,2025-12-31,-62262400.0,CNY
NetIncomeLossTotal,1996,1996-12-31,16505300.0,CNY
NetIncomeLossTotal,1997,1997-12-31,25374800.0,CNY
NetIncomeLossTotal,1998,1998-12-31,25654600.0,CNY
NetIncomeLossTotal,1999,1999-12-31,31514000.0,CNY
NetIncomeLossTotal,2000,2000-12-31,33346200.0,CNY
NetIncomeLossTotal,2001,2001-12-31,22842800.000000004,CNY
NetIncomeLossTotal,2002,2002-12-31,16034400.0,CNY
NetIncomeLossTotal,2003,2003-12-31,17503000.0,CNY
NetIncomeLossTotal,2004,2004-12-31,-20050700.0,CNY
NetIncomeLossTotal,2005,2005-12-31,-664000000.0,CNY
NetIncomeLossTotal,2006,2006-12-31,13448699.999999998,CNY
NetIncomeLossTotal,2007,2007-12-31,392000000.0,CNY
NetIncomeLossTotal,2008,2008-12-31,43705200.00000001,CNY
NetIncomeLossTotal,2009,2009-12-31,94170700.0,CNY
NetIncomeLossTotal,2010,2010-12-31,54172600.0,CNY
NetIncomeLossTotal,2011,2011-12-31,30026100.0,CNY
NetIncomeLossTotal,2012,2012-12-31,34670000.0,CNY
NetIncomeLossTotal,2013,2013-12-31,-149000000.0,CNY
NetIncomeLossTotal,2014,2014-12-31,12595100.0,CNY
NetIncomeLossTotal,2015,2015-12-31,17244000.0,CNY
NetIncomeLossTotal,2016,2016-12-31,-134000000.00000001,CNY
NetIncomeLossTotal,2017,2017-12-31,122000000.0,CNY
NetIncomeLossTotal,2018,2018-12-31,26427000.0,CNY
NetIncomeLossTotal,2019,2019-12-31,99870200.0,CNY
NetIncomeLossTotal,2020,2020-12-31,4902700.0,CNY
NetIncomeLossTotal,2021,2021-12-31,199000000.0,CNY
NetIncomeLossTotal,2022,2022-12-31,77844900.0,CNY
NetIncomeLossTotal,2023,2023-12-31,65149300.0,CNY
NetIncomeLossTotal,2024,2024-12-31,52463300.0,CNY
NetIncomeLossTotal,2025,2025-12-31,-31254100.0,CNY
OperatingIncomeLoss,1996,1996-12-31,16548599.999999998,CNY
OperatingIncomeLoss,1997,1997-12-31,25828400.0,CNY
OperatingIncomeLoss,1998,1998-12-31,28427000.0,CNY
OperatingIncomeLoss,1999,1999-12-31,32766700.0,CNY
OperatingIncomeLoss,2000,2000-12-31,35003000.0,CNY
OperatingIncomeLoss,2001,2001-12-31,25538300.0,CNY
OperatingIncomeLoss,2002,2002-12-31,19215100.0,CNY
OperatingIncomeLoss,2003,2003-12-31,21582399.999999996,CNY
OperatingIncomeLoss,2004,2004-12-31,-8516800.0,CNY
OperatingIncomeLoss,2005,2005-12-31,-250000000.0,CNY
OperatingIncomeLoss,2006,2006-12-31,88885600.0,CNY
OperatingIncomeLoss,2007,2007-12-31,23290300.000000004,CNY
OperatingIncomeLoss,2008,2008-12-31,37689300.0,CNY
OperatingIncomeLoss,2009,2009-12-31,6567600.0,CNY
OperatingIncomeLoss,2010,2010-12-31,58634000.0,CNY
OperatingIncomeLoss,2011,2011-12-31,25956200.0,CNY
OperatingIncomeLoss,2012,2012-12-31,20836900.0,CNY
OperatingIncomeLoss,2013,2013-12-31,-170000000.0,CNY
OperatingIncomeLoss,2014,2014-12-31,-6012600.0,CNY
OperatingIncomeLoss,2015,2015-12-31,16869200.0,CNY
OperatingIncomeLoss,2016,2016-12-31,-184000000.0,CNY
OperatingIncomeLoss,2017,2017-12-31,156000000.0,CNY
OperatingIncomeLoss,2018,2018-12-31,34429000.0,CNY
OperatingIncomeLoss,2019,2019-12-31,91914400.0,CNY
OperatingIncomeLoss,2020,2020-12-31,-36865300.0,CNY
OperatingIncomeLoss,2021,2021-12-31,238000000.0,CNY
OperatingIncomeLoss,2022,2022-12-31,92556400.0,CNY
OperatingIncomeLoss,2023,2023-12-31,73243500.0,CNY
OperatingIncomeLoss,2024,2024-12-31,48989700.0,CNY
OperatingIncomeLoss,2025,2025-12-31,-17068900.0,CNY
OtherOperatingIncome,1996,1996-12-31,0.0,CNY
OtherOperatingIncome,1997,1997-12-31,0.0,CNY
OtherOperatingIncome,1998,1998-12-31,0.0,CNY
OtherOperatingIncome,1999,1999-12-31,0.0,CNY
OtherOperatingIncome,2000,2000-12-31,0.0,CNY
OtherOperatingIncome,2001,2001-12-31,0.0,CNY
OtherOperatingIncome,2002,2002-12-31,0.0,CNY
OtherOperatingIncome,2003,2003-12-31,0.0,CNY
OtherOperatingIncome,2004,2004-12-31,0.0,CNY
OtherOperatingIncome,2005,2005-12-31,0.0,CNY
OtherOperatingIncome,2006,2006-12-31,0.0,CNY
OtherOperatingIncome,2007,2007-12-31,0.0,CNY
OtherOperatingIncome,2008,2008-12-31,0.0,CNY
OtherOperatingIncome,2009,2009-12-31,0.0,CNY
OtherOperatingIncome,2010,2010-12-31,0.0,CNY
OtherOperatingIncome,2011,2011-12-31,0.0,CNY
OtherOperatingIncome,2012,2012-12-31,0.0,CNY
OtherOperatingIncome,2013,2013-12-31,0.0,CNY
OtherOperatingIncome,2014,2014-12-31,0.0,CNY
OtherOperatingIncome,2015,2015-12-31,0.0,CNY
OtherOperatingIncome,2016,2016-12-31,0.0,CNY
OtherOperatingIncome,2017,2017-12-31,18546500.0,CNY
OtherOperatingIncome,2018,2018-12-31,15969100.0,CNY
OtherOperatingIncome,2019,2019-12-31,35689900.0,CNY
OtherOperatingIncome,2020,2020-12-31,31129100.0,CNY
OtherOperatingIncome,2021,2021-12-31,15149500.0,CNY
OtherOperatingIncome,2022,2022-12-31,41191300.0,CNY
OtherOperatingIncome,2023,2023-12-31,50355800.0,CNY
OtherOperatingIncome,2024,2024-12-31,19069600.0,CNY
OtherOperatingIncome,2025,2025-12-31,34221400.0,CNY
PaymentsToAcquirePropertyPlantAndEquipment,1999,1999-12-31,79229800.0,CNY
PaymentsToAcquirePropertyPlantAndEquipment,2000,2000-12-31,80962600.0,CNY
PaymentsToAcquirePropertyPlantAndEquipment,2001,2001-12-31,47594100.0,CNY
PaymentsToAcquirePropertyPlantAndEquipment,2002,2002-12-31,10211300.0,CNY
PaymentsToAcquirePropertyPlantAndEquipment,2003,2003-12-31,18778600.0,CNY
PaymentsToAcquirePropertyPlantAndEquipment,2004,2004-12-31,10736099.999999998,CNY
PaymentsToAcquirePropertyPlantAndEquipment,2005,2005-12-31,11553599.999999998,CNY
PaymentsToAcquirePropertyPlantAndEquipment,2006,2006-12-31,8128600.0,CNY
PaymentsToAcquirePropertyPlantAndEquipment,2007,2007-12-31,18624400.0,CNY
PaymentsToAcquirePropertyPlantAndEquipment,2008,2008-12-31,58896700.0,CNY
PaymentsToAcquirePropertyPlantAndEquipment,2009,2009-12-31,393000000.0,CNY
PaymentsToAcquirePropertyPlantAndEquipment,2010,2010-12-31,285000000.0,CNY
PaymentsToAcquirePropertyPlantAndEquipment,2011,2011-12-31,239000000.0,CNY
PaymentsToAcquirePropertyPlantAndEquipment,2012,2012-12-31,166000000.0,CNY
PaymentsToAcquirePropertyPlantAndEquipment,2013,2013-12-31,63309500.0,CNY
PaymentsToAcquirePropertyPlantAndEquipment,2014,2014-12-31,95587000.0,CNY
PaymentsToAcquirePropertyPlantAndEquipment,2015,2015-12-31,43287800.0,CNY
PaymentsToAcquirePropertyPlantAndEquipment,2016,2016-12-31,71693800.0,CNY
PaymentsToAcquirePropertyPlantAndEquipment,2017,2017-12-31,112999999.99999999,CNY
PaymentsToAcquirePropertyPlantAndEquipment,2018,2018-12-31,302000000.0,CNY
PaymentsToAcquirePropertyPlantAndEquipment,2019,2019-12-31,200999999.99999997,CNY
PaymentsToAcquirePropertyPlantAndEquipment,2020,2020-12-31,157000000.0,CNY
PaymentsToAcquirePropertyPlantAndEquipment,2021,2021-12-31,326000000.0,CNY
PaymentsToAcquirePropertyPlantAndEquipment,2022,2022-12-31,217000000.0,CNY
PaymentsToAcquirePropertyPlantAndEquipment,2023,2023-12-31,459999999.99999994,CNY
PaymentsToAcquirePropertyPlantAndEquipment,2024,2024-12-31,583000000.0,CNY
PaymentsToAcquirePropertyPlantAndEquipment,2025,2025-12-31,513000000.0,CNY
ResearchAndDevelopmentExpense,1996,1996-12-31,0.0,CNY
ResearchAndDevelopmentExpense,1997,1997-12-31,0.0,CNY
ResearchAndDevelopmentExpense,1998,1998-12-31,0.0,CNY
ResearchAndDevelopmentExpense,1999,1999-12-31,0.0,CNY
ResearchAndDevelopmentExpense,2000,2000-12-31,0.0,CNY
ResearchAndDevelopmentExpense,2001,2001-12-31,0.0,CNY
ResearchAndDevelopmentExpense,2002,2002-12-31,0.0,CNY
ResearchAndDevelopmentExpense,2003,2003-12-31,0.0,CNY
ResearchAndDevelopmentExpense,2004,2004-12-31,0.0,CNY
ResearchAndDevelopmentExpense,2005,2005-12-31,0.0,CNY
ResearchAndDevelopmentExpense,2006,2006-12-31,0.0,CNY
ResearchAndDevelopmentExpense,2007,2007-12-31,0.0,CNY
ResearchAndDevelopmentExpense,2008,2008-12-31,0.0,CNY
ResearchAndDevelopmentExpense,2009,2009-12-31,0.0,CNY
ResearchAndDevelopmentExpense,2010,2010-12-31,0.0,CNY
ResearchAndDevelopmentExpense,2011,2011-12-31,0.0,CNY
ResearchAndDevelopmentExpense,2012,2012-12-31,0.0,CNY
ResearchAndDevelopmentExpense,2013,2013-12-31,0.0,CNY
ResearchAndDevelopmentExpense,2014,2014-12-31,0.0,CNY
ResearchAndDevelopmentExpense,2015,2015-12-31,0.0,CNY
ResearchAndDevelopmentExpense,2016,2016-12-31,0.0,CNY
ResearchAndDevelopmentExpense,2017,2017-12-31,123000000.0,CNY
ResearchAndDevelopmentExpense,2018,2018-12-31,150000000.0,CNY
ResearchAndDevelopmentExpense,2019,2019-12-31,191000000.0,CNY
ResearchAndDevelopmentExpense,2020,2020-12-31,247000000.00000003,CNY
ResearchAndDevelopmentExpense,2021,2021-12-31,236000000.0,CNY
ResearchAndDevelopmentExpense,2022,2022-12-31,217000000.0,CNY
ResearchAndDevelopmentExpense,2023,2023-12-31,236000000.0,CNY
ResearchAndDevelopmentExpense,2024,2024-12-31,200000000.0,CNY
ResearchAndDevelopmentExpense,2025,2025-12-31,216000000.0,CNY
Revenues,1996,1996-12-31,47649700.0,CNY
Revenues,1997,1997-12-31,84186700.0,CNY
Revenues,1998,1998-12-31,98738400.0,CNY
Revenues,1999,1999-12-31,133000000.0,CNY
Revenues,2000,2000-12-31,234000000.0,CNY
Revenues,2001,2001-12-31,171000000.0,CNY
Revenues,2002,2002-12-31,173000000.0,CNY
Revenues,2003,2003-12-31,134000000.00000001,CNY
Revenues,2004,2004-12-31,174000000.0,CNY
Revenues,2005,2005-12-31,111000000.00000001,CNY
Revenues,2006,2006-12-31,127000000.0,CNY
Revenues,2007,2007-12-31,133000000.0,CNY
Revenues,2008,2008-12-31,1095000000.0,CNY
Revenues,2009,2009-12-31,1206000000.0,CNY
Revenues,2010,2010-12-31,1048000000.0,CNY
Revenues,2011,2011-12-31,1374000000.0,CNY
Revenues,2012,2012-12-31,1277000000.0,CNY
Revenues,2013,2013-12-31,1412000000.0,CNY
Revenues,2014,2014-12-31,1768000000.0,CNY
Revenues,2015,2015-12-31,1835000000.0000002,CNY
Revenues,2016,2016-12-31,1206000000.0,CNY
Revenues,2017,2017-12-31,2086000000.0,CNY
Revenues,2018,2018-12-31,2089000000.0,CNY
Revenues,2019,2019-12-31,2778000000.0,CNY
Revenues,2020,2020-12-31,2927000000.0,CNY
Revenues,2021,2021-12-31,2906000000.0,CNY
Revenues,2022,2022-12-31,2560000000.0,CNY
Revenues,2023,2023-12-31,2325000000.0,CNY
Revenues,2024,2024-12-31,2023999999.9999998,CNY
Revenues,2025,2025-12-31,2284000000.0,CNY
SellingExpense,1996,1996-12-31,1754800.0,CNY
SellingExpense,1997,1997-12-31,2190800.0,CNY
SellingExpense,1998,1998-12-31,3535200.0,CNY
SellingExpense,1999,1999-12-31,7863900.0,CNY
SellingExpense,2000,2000-12-31,8001500.0,CNY
SellingExpense,2001,2001-12-31,5204900.0,CNY
SellingExpense,2002,2002-12-31,6049900.0,CNY
SellingExpense,2003,2003-12-31,1472300.0,CNY
SellingExpense,2004,2004-12-31,1853100.0,CNY
SellingExpense,2005,2005-12-31,996400.0,CNY
SellingExpense,2006,2006-12-31,871100.0,CNY
SellingExpense,2007,2007-12-31,1183200.0,CNY
SellingExpense,2008,2008-12-31,51315400.0,CNY
SellingExpense,2009,2009-12-31,42840400.0,CNY
SellingExpense,2010,2010-12-31,41394200.0,CNY
SellingExpense,2011,2011-12-31,36410400.0,CNY
SellingExpense,2012,2012-12-31,26441200.0,CNY
SellingExpense,2013,2013-12-31,40668700.0,CNY
SellingExpense,2014,2014-12-31,61751000.0,CNY
SellingExpense,2015,2015-12-31,59476100.0,CNY
SellingExpense,2016,2016-12-31,50011000.0,CNY
SellingExpense,2017,2017-12-31,56537500.0,CNY
SellingExpense,2018,2018-12-31,59842600.0,CNY
SellingExpense,2019,2019-12-31,63683500.0,CNY
SellingExpense,2020,2020-12-31,67828200.0,CNY
SellingExpense,2021,2021-12-31,47092500.0,CNY
SellingExpense,2022,2022-12-31,59821300.0,CNY
SellingExpense,2023,2023-12-31,53338800.0,CNY
SellingExpense,2024,2024-12-31,60437100.0,CNY
SellingExpense,2025,2025-12-31,60920800.0,CNY
ShortTermBorrowings,1996,1996-12-31,15100000.0,CNY
ShortTermBorrowings,1997,1997-12-31,39707300.0,CNY
ShortTermBorrowings,1998,1998-12-31,31958800.0,CNY
ShortTermBorrowings,1999,1999-12-31,67327500.0,CNY
ShortTermBorrowings,2000,2000-12-31,57050000.0,CNY
ShortTermBorrowings,2001,2001-12-31,62000000.0,CNY
ShortTermBorrowings,2002,2002-12-31,29000000.0,CNY
ShortTermBorrowings,2003,2003-12-31,142000000.0,CNY
ShortTermBorrowings,2004,2004-12-31,147000000.0,CNY
ShortTermBorrowings,2005,2005-12-31,60000000.0,CNY
ShortTermBorrowings,2006,2006-12-31,25000000.0,CNY
ShortTermBorrowings,2007,2007-12-31,0.0,CNY
ShortTermBorrowings,2008,2008-12-31,38000000.0,CNY
ShortTermBorrowings,2009,2009-12-31,319000000.0,CNY
ShortTermBorrowings,2010,2010-12-31,409999999.99999994,CNY
ShortTermBorrowings,2011,2011-12-31,529000000.0,CNY
ShortTermBorrowings,2012,2012-12-31,492000000.0,CNY
ShortTermBorrowings,2013,2013-12-31,636000000.0,CNY
ShortTermBorrowings,2014,2014-12-31,608000000.0,CNY
ShortTermBorrowings,2015,2015-12-31,798000000.0,CNY
ShortTermBorrowings,2016,2016-12-31,1203000000.0,CNY
ShortTermBorrowings,2017,2017-12-31,1214000000.0,CNY
ShortTermBorrowings,2018,2018-12-31,1469000000.0,CNY
ShortTermBorrowings,2019,2019-12-31,1308000000.0,CNY
ShortTermBorrowings,2020,2020-12-31,501999999.99999994,CNY
ShortTermBorrowings,2021,2021-12-31,484000000.0,CNY
ShortTermBorrowings,2022,2022-12-31,430999999.99999994,CNY
ShortTermBorrowings,2023,2023-12-31,267000000.0,CNY
ShortTermBorrowings,2024,2024-12-31,557000000.0,CNY
ShortTermBorrowings,2025,2025-12-31,605000000.0,CNY
ShortTermInvestments,1996,1996-12-31,7900000.0,CNY
ShortTermInvestments,1997,1997-12-31,21200000.0,CNY
ShortTermInvestments,1998,1998-12-31,3000000.0,CNY
ShortTermInvestments,1999,1999-12-31,29989000.0,CNY
ShortTermInvestments,2000,2000-12-31,66972800.0,CNY
ShortTermInvestments,2001,2001-12-31,35119900.0,CNY
ShortTermInvestments,2002,2002-12-31,0.0,CNY
ShortTermInvestments,2003,2003-12-31,35765600.0,CNY
ShortTermInvestments,2004,2004-12-31,0.0,CNY
ShortTermInvestments,2005,2005-12-31,0.0,CNY
ShortTermInvestments,2006,2006-12-31,0.0,CNY
ShortTermInvestments,2007,2007-12-31,0.0,CNY
ShortTermInvestments,2008,2008-12-31,0.0,CNY
ShortTermInvestments,2009,2009-12-31,109900.0,CNY
ShortTermInvestments,2010,2010-12-31,0.0,CNY
ShortTermInvestments,2011,2011-12-31,0.0,CNY
ShortTermInvestments,2012,2012-12-31,25800.0,CNY
ShortTermInvestments,2013,2013-12-31,0.0,CNY
ShortTermInvestments,2014,2014-12-31,0.0,CNY
ShortTermInvestments,2015,2015-12-31,0.0,CNY
ShortTermInvestments,2016,2016-12-31,0.0,CNY
ShortTermInvestments,2017,2017-12-31,0.0,CNY
ShortTermInvestments,2018,2018-12-31,0.0,CNY
ShortTermInvestments,2019,2019-12-31,0.0,CNY
ShortTermInvestments,2020,2020-12-31,0.0,CNY
ShortTermInvestments,2021,2021-12-31,20000000.0,CNY
ShortTermInvestments,2022,2022-12-31,14000000.0,CNY
ShortTermInvestments,2023,2023-12-31,33900000.0,CNY
ShortTermInvestments,2024,2024-12-31,100000000.0,CNY
ShortTermInvestments,2025,2025-12-31,134000000.00000001,CNY
StockholdersEquity,1996,1996-12-31,45116578.59,CNY
StockholdersEquity,1997,1997-12-31,84183214.24,CNY
StockholdersEquity,1998,1998-12-31,92148685.41,CNY
StockholdersEquity,1999,1999-12-31,364882598.67,CNY
StockholdersEquity,2000,2000-12-31,383018882.84,CNY
StockholdersEquity,2001,2001-12-31,399645322.22,CNY
StockholdersEquity,2002,2002-12-31,392490147.06,CNY
StockholdersEquity,2003,2003-12-31,408236863.42,CNY
StockholdersEquity,2004,2004-12-31,388186155.37,CNY
StockholdersEquity,2005,2005-12-31,-297401298.83,CNY
StockholdersEquity,2006,2006-12-31,-282860618.79,CNY
StockholdersEquity,2007,2007-12-31,108771736.34,CNY
StockholdersEquity,2008,2008-12-31,533049291.72,CNY
StockholdersEquity,2009,2009-12-31,562543220.13,CNY
StockholdersEquity,2010,2010-12-31,607705761.03,CNY
StockholdersEquity,2011,2011-12-31,1028100640.58,CNY
StockholdersEquity,2012,2012-12-31,1060731255.04,CNY
StockholdersEquity,2013,2013-12-31,922149421.02,CNY
StockholdersEquity,2014,2014-12-31,928677904.74,CNY
StockholdersEquity,2015,2015-12-31,1224457154.99,CNY
StockholdersEquity,2016,2016-12-31,1150137112.53,CNY
StockholdersEquity,2017,2017-12-31,2399880012.71,CNY
StockholdersEquity,2018,2018-12-31,2438381106.39,CNY
StockholdersEquity,2019,2019-12-31,2495426327.17,CNY
StockholdersEquity,2020,2020-12-31,2527066115.56,CNY
StockholdersEquity,2021,2021-12-31,2790964725.41,CNY
StockholdersEquity,2022,2022-12-31,3036370634.9,CNY
StockholdersEquity,2023,2023-12-31,3092181058.75,CNY
StockholdersEquity,2024,2024-12-31,3887887855.45,CNY
StockholdersEquity,2025,2025-12-31,3799091012.49,CNY
TaxesAndSurcharges,1996,1996-12-31,399500.0,CNY
TaxesAndSurcharges,1997,1997-12-31,532500.0,CNY
TaxesAndSurcharges,1998,1998-12-31,675600.0,CNY
TaxesAndSurcharges,1999,1999-12-31,612700.0,CNY
TaxesAndSurcharges,2000,2000-12-31,951500.0,CNY
TaxesAndSurcharges,2001,2001-12-31,411300.0,CNY
TaxesAndSurcharges,2002,2002-12-31,1085300.0,CNY
TaxesAndSurcharges,2003,2003-12-31,531300.0,CNY
TaxesAndSurcharges,2004,2004-12-31,435300.0,CNY
TaxesAndSurcharges,2005,2005-12-31,864500.0,CNY
TaxesAndSurcharges,2006,2006-12-31,1509400.0,CNY
TaxesAndSurcharges,2007,2007-12-31,1348800.0,CNY
TaxesAndSurcharges,2008,2008-12-31,11010100.0,CNY
TaxesAndSurcharges,2009,2009-12-31,12010500.0,CNY
TaxesAndSurcharges,2010,2010-12-31,13465000.0,CNY
TaxesAndSurcharges,2011,2011-12-31,15953000.0,CNY
TaxesAndSurcharges,2012,2012-12-31,16074600.0,CNY
TaxesAndSurcharges,2013,2013-12-31,8656900.0,CNY
TaxesAndSurcharges,2014,2014-12-31,8689700.0,CNY
TaxesAndSurcharges,2015,2015-12-31,12339300.0,CNY
TaxesAndSurcharges,2016,2016-12-31,12864100.0,CNY
TaxesAndSurcharges,2017,2017-12-31,19876000.0,CNY
TaxesAndSurcharges,2018,2018-12-31,21293600.0,CNY
TaxesAndSurcharges,2019,2019-12-31,20253100.0,CNY
TaxesAndSurcharges,2020,2020-12-31,24180600.0,CNY
TaxesAndSurcharges,2021,2021-12-31,31873200.0,CNY
TaxesAndSurcharges,2022,2022-12-31,21635400.0,CNY
TaxesAndSurcharges,2023,2023-12-31,12179100.0,CNY
TaxesAndSurcharges,2024,2024-12-31,16198400.0,CNY
TaxesAndSurcharges,2025,2025-12-31,23741900.0,CNY
